標題,詳情頁,食材
,,
这个太绝了｜香菜拌牛肉‼️巨好吃,http://www.xiachufang.com/recipe/106167582/,牛肉、香菜、蒜、青红辣椒
,,
香嫩爽滑‼️香菜拌牛肉🔥这味道简直绝了,http://www.xiachufang.com/recipe/106188504/,牛肉、香菜、蒜、青椒、小米辣
,,
秒杀哈根达斯无冰渣冰激凌,http://www.xiachufang.com/recipe/103751342/,淡奶油、蛋黄、糖、牛奶、盐、柠檬汁去腥
,,
皮蛋的神仙吃法❗️好吃到爆的香菜拌皮蛋,http://www.xiachufang.com/recipe/106403585/,皮蛋、香菜、大蒜、小米辣、生抽、陈醋、白糖、盐、辣椒粉、熟芝麻
,,
让宝宝喝了不挑食的健脾汤谱,http://www.xiachufang.com/recipe/105946214/,薏米，芡实，莲子，淮山，茯苓，瘦肉、薏米，芡实，莲子，淮山，茯苓，瘦肉、太子参，麦冬，无花果，瘦肉、太子参，茯苓，莲子，瘦肉、羊肚菌，麦芽，蜜枣，瘦肉、北沙参，玉竹，麦冬，蜜枣，瘦肉
,,
冷藏四天还非常柔软的面包胚！！冰面包,http://www.xiachufang.com/recipe/104759602/,汤种 、高筋面粉、水、主面团、高筋面粉、低筋面粉、奶粉、冰牛奶、干酵母、盐、细砂糖、无盐黄油、整形、玉米淀粉
,,
泰式柠檬虾,http://www.xiachufang.com/recipe/104575663/,虾、柠檬、红椒、青椒、洋葱、姜、蒜、香菜、葱、生抽、醋、芝麻香油、辣椒油、白糖、盐、胡椒粉
,,
㊙️五分钟学会巨好吃的酸辣开胃凉拌黄瓜腐竹,http://www.xiachufang.com/recipe/104447294/,黄瓜、腐竹、香菜、花生米
,,
自制童年记忆里的牛奶布丁🌸秒杀外面卖的,http://www.xiachufang.com/recipe/104693742/,牛奶、淡奶油、全脂奶粉、白糖、淀粉、葡萄干
,,
水光肌馒头这样做 细腻光滑蓬松煊软 附细节视频详解,http://www.xiachufang.com/recipe/106115024/,中筋面粉、酵母、白糖、猪油、水
,,
超开胃的番茄土豆肥牛汤‼️下米饭无敌了,http://www.xiachufang.com/recipe/105910837/,土豆、番茄、肥牛、大蒜、小葱
,,
酸辣凉拌面，天热就爱吃这口,http://www.xiachufang.com/recipe/106191552/,挂面、生抽、糖、盐、黄瓜、花生米、辣椒面、醋、蒜末、芝麻
,,
鱼香肉丝,http://www.xiachufang.com/recipe/105833261/,料酒、生抽、蚝油、醋、豆瓣酱、糖、蒜、淀粉、里脊肉、胡萝卜、木耳、青辣椒
,,
粗粮玉米饼 低脂又健康 松软劲道做法简单 附细节视频详解,http://www.xiachufang.com/recipe/106391445/,玉米面、中筋面粉、酵母、白糖、温水
,,
维C鲜果茶,http://www.xiachufang.com/recipe/106412360/,百香果、柠檬、西瓜、橙子、小青桔、蜂蜜、薄荷叶、纯净水、冰块
,,
夏日必备❗️一口一个的方块脆皮雪糕🍦巨好吃,http://www.xiachufang.com/recipe/105794108/,芒果、酸奶、淡奶油、细砂糖、巧克力、椰子油
,,
苍天啊！怎么这么好喝！！,http://www.xiachufang.com/recipe/106407018/,食材：芒果、西米露、椰汁（可根据自己喜好添加）
,,
红烧肉,http://www.xiachufang.com/recipe/106107087/,带皮五花肉、生抽、老抽、冰糖、料酒、八角、香叶、姜、桂皮、鸡蛋、蚝油
,,
尹正没骗我 焖菜好好吃,http://www.xiachufang.com/recipe/106389975/,虾仁、西兰花、荷兰豆、青笋、口蘑、黑胡椒、盐、蒜末
,,
黄金烤牛奶,http://www.xiachufang.com/recipe/106121314/,牛奶、糖、玉米淀粉、蛋黄、芝士片
,,
��吮指椒盐虾仁，完全不需要厨艺‼️,http://www.xiachufang.com/recipe/105967685/,虾仁、葱、姜、鸡蛋、淀粉、盐、白胡椒粉、椒盐
,,
咸蛋黄叉烧肉,http://www.xiachufang.com/recipe/106185610/,小葱、梅肉、咸蛋黄、叉烧酱汁、生姜片
,,
百香芒果酸奶雪糕,http://www.xiachufang.com/recipe/104687253/,芒果肉、百香果肉、酸奶、白砂糖
,,
一盆才300卡的东北大拌菜,http://www.xiachufang.com/recipe/106109144/,"鸡蛋、豆芽、胡萝卜、黄瓜、千张丝、黑木耳、白粉丝、紫甘蓝、菠菜…、🧂灵魂酱汁配比：
蒜泥➕半勺盐➕1勺糖➕1勺韩式辣酱➕2勺生抽➕1勺醋➕1勺麻油➕1勺辣椒面➕白芝麻"
,,
【排骨焖饭】,http://www.xiachufang.com/recipe/104196008/,肋排、生抽、老抽、料酒、蚝油、白糖、十三香、葱、姜、蒜、小洋葱、玉米粒、胡萝卜、大米、葱花
