为何家会伤人,https://wp.forchange.cn/wp-content/uploads/2020/07/为何家会伤人-1-413x600.jpg
医治受伤的自信,https://wp.forchange.cn/wp-content/uploads/2020/07/医治受伤的自信-383x600.jpg
人性的优点,https://wp.forchange.cn/wp-content/uploads/2020/07/人性的优点.jpg
自我与防御机制,https://wp.forchange.cn/wp-content/uploads/2020/07/自我与防御机制-600x600.jpg
叔本华思想随笔,https://wp.forchange.cn/wp-content/uploads/2020/07/叔本华思想随笔.jpg
萨提亚家庭治疗模式,https://wp.forchange.cn/wp-content/uploads/2020/07/萨提亚家庭治疗模式-413x600.jpg
遇谁都能聊得开,https://wp.forchange.cn/wp-content/uploads/2020/07/遇谁都能聊得开-422x600.jpg
多样性红利,https://wp.forchange.cn/wp-content/uploads/2020/07/多样性红利-456x600.jpg
有限与无限的游戏,https://wp.forchange.cn/wp-content/uploads/2020/07/有限与无限的游戏-600x600.jpg
男人来自火星，女人来自金星2,https://wp.forchange.cn/wp-content/uploads/2020/07/男人来自火星，女人来自金星2.jpg
动机与人格,https://wp.forchange.cn/wp-content/uploads/2020/07/动机与人格.jpg
如何化解内心的焦虑,https://wp.forchange.cn/wp-content/uploads/2020/07/如何化解内心的焦虑-470x600.jpg
Maps of Meaning,https://wp.forchange.cn/wp-content/uploads/2020/06/Maps-of-Meaning.jpg
不妥协的谈判,https://wp.forchange.cn/wp-content/uploads/2020/06/不妥协的谈判-432x600.jpg
梦的解析：漫画版,https://wp.forchange.cn/wp-content/uploads/2020/06/梦的解析：漫画版.jpg
哪来的天才？,https://wp.forchange.cn/wp-content/uploads/2020/07/哪来的天才？-412x600.jpg
心理学史（第6版）,https://wp.forchange.cn/wp-content/uploads/2020/07/心理学史（第6版）-428x600.jpg
意识的解释,https://wp.forchange.cn/wp-content/uploads/2020/07/意识的解释.jpg
爱得太多的女人,https://wp.forchange.cn/wp-content/uploads/2020/07/爱得太多的女人-405x600.jpg
社会心理学（插图第7版）,https://wp.forchange.cn/wp-content/uploads/2020/07/社会心理学（插图第7版）-438x600.jpg
人类动机,https://wp.forchange.cn/wp-content/uploads/2020/07/人类动机.jpg
Marva Collins’ Way,https://wp.forchange.cn/wp-content/uploads/2020/06/Marva-Collins-Way.jpg
恋爱心理学：愿你被男人温柔相待,https://wp.forchange.cn/wp-content/uploads/2020/07/恋爱心理学：愿你被男人温柔相待-600x600.jpg
全脑教养法,https://wp.forchange.cn/wp-content/uploads/2020/07/全脑教养法.jpg
人性中的善良天使,https://wp.forchange.cn/wp-content/uploads/2020/07/人性中的善良天使-398x600.jpg
FBI教你读心术,https://wp.forchange.cn/wp-content/uploads/2020/06/FBI教你读心术.jpg
电车难题,https://wp.forchange.cn/wp-content/uploads/2020/07/电车难题-403x600.jpg
《当你开始爱自己，全世界都会来爱你》,https://wp.forchange.cn/wp-content/uploads/2020/06/《当你开始爱自己，全世界都会来爱你》-476x600.jpg
爱和自由,https://wp.forchange.cn/wp-content/uploads/2020/07/爱和自由.jpg
我战胜了抑郁症,https://wp.forchange.cn/wp-content/uploads/2020/07/我战胜了抑郁症-430x600.jpg
自我·群体·社会,https://wp.forchange.cn/wp-content/uploads/2020/07/自我·群体·社会.jpg
神经衰弱和强迫观念的根治法,https://wp.forchange.cn/wp-content/uploads/2020/07/神经衰弱和强迫观念的根治法.jpg
为何母爱会伤人,https://wp.forchange.cn/wp-content/uploads/2020/07/为何母爱会伤人-415x600.jpg
自体心理学的理论与实践,https://wp.forchange.cn/wp-content/uploads/2020/07/自体心理学的理论与实践.jpg
反内耗,https://wp.forchange.cn/wp-content/uploads/2020/07/反内耗-429x600.jpg
克服完美主义,https://wp.forchange.cn/wp-content/uploads/2020/07/克服完美主义.jpg
有序,https://wp.forchange.cn/wp-content/uploads/2020/07/有序-420x600.jpg
不确定状况下的判断,https://wp.forchange.cn/wp-content/uploads/2020/06/不确定状况下的判断.jpg
焦虑型人格自救手册,https://wp.forchange.cn/wp-content/uploads/2020/07/焦虑型人格自救手册-409x600.jpg
人性中的善与恶,https://wp.forchange.cn/wp-content/uploads/2020/07/人性中的善与恶-412x600.jpg
西西弗斯的神话,https://wp.forchange.cn/wp-content/uploads/2020/07/西西弗斯的神话.jpg
害羞心理学,https://wp.forchange.cn/wp-content/uploads/2020/07/害羞心理学-413x600.jpg
乌合之众-“慢读”系列,https://wp.forchange.cn/wp-content/uploads/2020/07/乌合之众-“慢读”系列.jpg
单身社会,https://wp.forchange.cn/wp-content/uploads/2020/07/单身社会.jpg
不焦虑了,https://wp.forchange.cn/wp-content/uploads/2020/06/不焦虑了-481x600.jpg
第五项修炼,https://wp.forchange.cn/wp-content/uploads/2020/07/第五项修炼.jpg
应对焦虑(九种消除焦虑恐惧和忧虑的简单方法),https://wp.forchange.cn/wp-content/uploads/2020/07/应对焦虑九种消除焦虑恐惧和忧虑的简单方法-600x600.jpg
语言学的邀请,https://wp.forchange.cn/wp-content/uploads/2020/07/语言学的邀请-375x600.jpg
神经质的实质与治疗,https://wp.forchange.cn/wp-content/uploads/2020/07/神经质的实质与治疗.jpg
离经叛道,https://wp.forchange.cn/wp-content/uploads/2020/07/离经叛道-443x600.jpg
孤獨的冷漠：逃避型依戀障礙的分析與修復,https://wp.forchange.cn/wp-content/uploads/2020/07/孤獨的冷漠：逃避型依戀障礙的分析與修復.jpg
心理统计学（第3版）,https://wp.forchange.cn/wp-content/uploads/2020/07/心理统计学（第3版）-465x600.jpg
电影与新心理学,https://wp.forchange.cn/wp-content/uploads/2020/07/电影与新心理学-461x600.jpg
硅谷禁书,https://wp.forchange.cn/wp-content/uploads/2020/07/硅谷禁书.jpg
